Release_Date,Species,Host,Tissue_Specimen_Source,Collection_Date
2023-05-04,Pestivirus bovis,,,
2023-05-04,Pestivirus tauri,Bos taurus,,2004-12-08
2023-05-04,Rodent pestivirus,Apodemus peninsulae,,2014-08
2023-05-04,Rodent pestivirus,Niviventer niviventer,,2014-12
2023-05-04,Pestivirus S,Scotophilus kuhlii,,2017-07
2023-05-04,Pestivirus sp.,Ovis aries,,2017-12
2023-05-04,Pestivirus P,,,2018
2023-05-04,Pestivirus M,Phocoena phocoena,lung,2012
2018-08-24,Pestivirus suis,,,
2018-08-24,Pestivirus scrofae,Sus scrofa,,2014-04-09
2018-08-24,Pestivirus tauri,,,
2017-07-19,Pestivirus L,Sus scrofa,,2015
2016-07-25,Pestivirus scrofae,Sus scrofa,,2015
2014-11-19,Norway rat pestivirus,Rattus norvegicus,,2013-06-30
2014-04-21,Pestivirus antilocaprae,Antilocapra americana,,
2014-01-02,Pestivirus australiaense,,,
2012-10-04,Pestivirus aydinense,Ovis aries,,2004
2009-06-17,Pestivirus brazilense,Bos taurus,,2004
2001-01-28,Pestivirus suis,,,
1999-10-16,Pestivirus giraffae,Giraffa camelopardalis,,
1998-05-15,Pestivirus ovis,,,
1993-08-02,Pestivirus bovis,,,
2024-10-02,Pestivirus bovis,Bos taurus,lung,2024-03
2024-09-25,Pestivirus suis,Sus scrofa,,2024-06-01
2024-09-14,Pestivirus O,Ovis aries,,2021
2024-08-15,Pestivirus suis,,,
2024-08-15,Pestivirus sp.,Bos taurus,,2023
2024-08-15,Pestivirus sp.,Bos taurus,,2023
2024-07-14,Pestivirus bovis,Bos taurus,lung,2023-12
2024-06-30,Pestivirus bovis,Bos taurus,,2022
2024-06-29,Pestivirus suis,Sus scrofa,,2019-04
2024-06-18,Pestivirus bovis,Bos taurus,,2023-02-20
2024-06-18,Pestivirus bovis,Bos taurus,,2023-02-27
2024-06-18,Pestivirus bovis,Bos taurus,,2023-04-25
2024-06-18,Pestivirus bovis,Bos taurus,,2023-05
2024-06-18,Pestivirus bovis,Bos taurus,,2023-05-27
2024-05-27,Pestivirus tauri,Bos taurus,"liver, abdominal cavity",2023-05-01
2024-05-18,Pestivirus bovis,Bos taurus,feces,2023
2024-04-29,Pestivirus bovis,Bos taurus,blood,2023
2024-04-24,Pestivirus sp.,Sus scrofa,blood,2023-05-18
2024-04-22,Pestivirus bovis,Bos taurus,,2023
2024-03-26,Pestivirus bovis,Bos taurus,feces,2023
2024-03-19,Pipistrellus bat pestivirus,Pipistrellus abramus,swab,2020
2024-03-19,Rhinolophus bat pestivirus,Rhinolophus ferrumequinum,swab,2020
2024-03-19,Scotophilus bat pestivirus,Scotophilus kuhlii,swab,2018
2024-03-19,Scotophilus bat pestivirus,Scotophilus kuhlii,swab,2017
2024-03-19,Pipistrellus bat pestivirus,Pipistrellus abramus,swab,2020
2024-03-19,Pipistrellus bat pestivirus,Pipistrellus abramus,swab,2020
2024-02-14,Pestivirus bovis,Bos taurus,blood,2023-07
2024-02-06,Pestivirus bovis,Bos taurus,feces,2021
2024-02-05,Pestivirus suis,Sus scrofa,,2021-09-12
2024-02-05,Pestivirus suis,Sus scrofa,,2022-06-22
2024-02-05,Pestivirus suis,Sus scrofa,,2023-07-12
2024-01-13,Pestivirus suis,Sus scrofa,lymph,2022-07-16
2024-01-10,Pestivirus suis,Sus scrofa domesticus,,1958
2024-01-07,Pestivirus bovis,Bos taurus,fetus,2019
2023-12-09,Pestivirus bovis,Bos taurus,,2018
2023-12-09,Pestivirus bovis,Bos taurus,,2018
2023-12-09,Pestivirus tauri,Bos taurus,,2019
2023-12-05,Pestivirus brazilense,Bos taurus,,2022
2023-12-03,Pestivirus scrofae,Sus scrofa,,2017
2023-11-12,Pestivirus bovis,Bos taurus,,2022
2023-11-05,Pestivirus bovis,Bos taurus,feces,2005
2023-10-31,Pestivirus bovis,Bos taurus,feces,2005
2023-10-28,Pestivirus bovis,Bos taurus,,2018-02-27
2023-10-16,Pestivirus bovis,Bos taurus,feces,2021
2023-10-06,Pestivirus bovis,Bos taurus,,2015
2023-10-06,Pestivirus bovis,Bos taurus,,2016
2023-10-04,Pestivirus suis,Sus scrofa,,2018
2023-08-30,Pangolin pestivirus,Manis javanica,oronasopharynx,2020
2023-08-22,Pestivirus bovis,Bos taurus,feces,2016
2023-08-19,Pestivirus suis,Sus scrofa,,2022
2023-08-05,Pestivirus bovis,Bos taurus,,2023
2023-08-01,Pestivirus bovis,Bos taurus,blood,2021-01-05
2023-08-01,Pestivirus bovis,Bos taurus,blood,2021-01-05
2023-08-01,Pestivirus bovis,Bos taurus,blood,2021-01-31
2023-08-01,Pestivirus bovis,Bos taurus,blood,2021-02-04
2023-08-01,Pestivirus bovis,Bos taurus,blood,2021-02-04
2023-08-01,Pestivirus bovis,Bos taurus,blood,2021-01-30
2023-08-01,Pestivirus bovis,Bos taurus,blood,2021-01-30
2023-08-01,Pestivirus bovis,Bos taurus,blood,2021-01-31
2023-08-01,Pestivirus bovis,Bos taurus,blood,2020-12-31
2023-06-27,Pestivirus tauri,Bos taurus,,2022-03
2023-06-27,Pestivirus tauri,Bos taurus,,2022-03
2023-06-27,Pestivirus tauri,Bos taurus,,2022-03
2023-06-27,Pestivirus tauri,Bos taurus,,2022-03
2023-06-10,Pestivirus ovis,Ovis aries,,
2023-05-02,Pestivirus bovis,Bos taurus,,2021
2023-05-01,Pestivirus bovis,,,
2023-04-17,Pangolin pestivirus,Manis javanica,,2020
2023-04-17,Pangolin pestivirus,Manis javanica,,2019-04
2023-04-17,Pangolin pestivirus,Manis javanica,,2019-04
2023-04-17,Pangolin pestivirus,Manis javanica,,2019-04
2023-04-17,Pangolin pestivirus,Manis javanica,,2019-04
2023-04-17,Pangolin pestivirus,Manis javanica,,2019-08
2023-04-17,Pangolin pestivirus,Manis javanica,,2019-08
2023-04-17,Pangolin pestivirus,Manis javanica,,2019-08
2023-04-17,Pangolin pestivirus,Manis javanica,,2019-08
2023-04-17,Pangolin pestivirus,Manis javanica,,2019-08
2023-04-17,Pangolin pestivirus,Manis javanica,,2019-04
2023-04-17,Pangolin pestivirus,Manis javanica,,2019-04
2023-04-17,Pangolin pestivirus,Manis javanica,,2019-04
2023-04-17,Pangolin pestivirus,Manis javanica,,2019-04
2023-04-17,Pangolin pestivirus,Manis javanica,,2019-04
2023-04-17,Pangolin pestivirus,Manis javanica,,2019-04
2023-04-17,Pangolin pestivirus,Manis javanica,,2019-04
2023-04-17,Pangolin pestivirus,Manis javanica,,2019-09
2023-04-17,Pangolin pestivirus,Manis javanica,,2019-09
2023-04-17,Pangolin pestivirus,Manis javanica,,2019-09
2023-04-17,Pangolin pestivirus,Manis javanica,,2019-09
2023-04-17,Pangolin pestivirus,Manis javanica,,2019-12
2023-04-17,Pangolin pestivirus,Manis javanica,,2019-03
2023-04-17,Pangolin pestivirus,Manis javanica,,2019-04
2023-04-17,Pangolin pestivirus,Manis javanica,,2019-04
2023-04-17,Pangolin pestivirus,Manis javanica,,2019-04
2023-04-17,Pangolin pestivirus,Manis javanica,,2019-04
2023-04-17,Pangolin pestivirus,Manis javanica,,2019-04
2023-04-17,Pangolin pestivirus,Manis javanica,,2019-04
2023-04-17,Pangolin pestivirus,Manis javanica,,2019-04
2023-04-15,Pestivirus scrofae,Sus scrofa,,2022-05
2023-04-11,Pangolin pestivirus,Manis javanica,,2019
2023-03-31,Pangolin pestivirus,Pholidota,,2019
2023-03-25,Rodent pestivirus,Leopoldamys edwardsi,oronasopharynx,2017-12
2023-03-25,Rodent pestivirus,Rattus tanezumi,oronasopharynx,2019-11
2023-03-12,Pestivirus brazilense,Bos indicus x Bos taurus,blood,2019
2023-03-12,Pestivirus brazilense,Bos indicus,blood,2012
2023-03-12,Pestivirus brazilense,Bos indicus,blood,2012
2023-02-28,Pestivirus bovis,Bos taurus,,2021-09
2023-02-28,Pestivirus bovis,Bos taurus,,2021-09
2023-02-28,Pestivirus bovis,Bos taurus,,2021-09
2023-02-15,Trinbago virus,,,2018
2023-02-11,Pestivirus bovis,Bos taurus,,2021-09
2023-02-11,Pestivirus bovis,Bos taurus,,2021-09
2023-02-11,Pestivirus bovis,Bos taurus,,2021-09
2023-01-25,Pestivirus bovis,Bos taurus,,2021-05
2023-01-25,Pestivirus bovis,Bos taurus,,2021-05
2023-01-25,Pestivirus bovis,Bos taurus,,2021-05
2023-01-24,Pestivirus bovis,Bos taurus,blood,2017-12
2023-01-24,Pestivirus bovis,Bos taurus,blood,2017-12
2023-01-24,Pestivirus bovis,Bos taurus,blood,2018-03
2023-01-23,Pestivirus suis,Sus scrofa domesticus,,2008
2023-01-23,Pestivirus suis,Sus scrofa domesticus,,2008
2023-01-23,Pestivirus suis,Sus scrofa domesticus,,2008
2023-01-23,Pestivirus suis,Sus scrofa domesticus,,2008
2023-01-23,Pestivirus suis,Sus scrofa domesticus,,2008
2023-01-23,Pestivirus suis,Sus scrofa domesticus,,2008
2023-01-23,Pestivirus suis,Sus scrofa domesticus,,2008
2023-01-23,Pestivirus suis,Sus scrofa domesticus,,2008
2023-01-17,Pestivirus suis,Sus scrofa,,1980
2023-01-17,Pestivirus suis,Sus scrofa,lymph,2013
2023-01-17,Pestivirus suis,Sus scrofa,blood,2014
2023-01-17,Pestivirus suis,Sus scrofa,tonsil,2015
2023-01-17,Pestivirus suis,Sus scrofa,blood,2016
2023-01-17,Pestivirus suis,Sus scrofa,"spleen, abdominal cavity",2016
2023-01-17,Pestivirus suis,Sus scrofa,lymph,2017
2023-01-17,Pestivirus suis,Sus scrofa,lymph,2017
2023-01-15,Pestivirus scrofae,Sus scrofa,,2018-03
2023-01-15,Pestivirus scrofae,Sus scrofa,,2017-05
2023-01-15,Pestivirus scrofae,Sus scrofa,,2018-04
2023-01-05,Pestivirus bovis,Bos taurus,,2016-08-02
2023-01-05,Pestivirus bovis,Bos taurus,,2016-12-06
2023-01-05,Pestivirus bovis,Bos taurus,,2016-10-05
2023-01-05,Pestivirus bovis,Bos taurus,,2016-09-27
2023-01-05,Pestivirus bovis,Bos taurus,,2016-07-25
2023-01-05,Pestivirus tauri,Bos taurus,,2017-03-24
2023-01-05,Pestivirus tauri,Bos taurus,,2016-05-24
2022-12-26,Pestivirus tauri,Bos taurus,,2021
2022-12-22,Glass knifefish pestivirus,Eigenmannia virescens,,
2022-12-22,Frog pestivirus,Anura,,
2022-12-20,Pestivirus suis,Sus scrofa,,2020
2022-10-09,Pestivirus brazilense,Bos taurus,feces,2022
2022-10-09,Pangolin pestivirus T7,Manis javanica,,2019
2022-09-25,Pestivirus ovis,Ovis aries,,2019
2022-09-05,Pestivirus scrofae,Sus scrofa,lymph,2021-06-06
2022-09-05,Pestivirus scrofae,Sus scrofa,lymph,2021-06-06
2022-08-30,Pestivirus suis,Sus scrofa,,2018
2022-08-30,Pestivirus suis,Sus scrofa,,2018
2022-08-30,Pestivirus suis,Sus scrofa,,2019
2022-08-30,Pestivirus suis,Sus scrofa,,2018
2022-08-30,Pestivirus suis,Sus scrofa,,2018
2022-08-30,Pestivirus suis,Sus scrofa,,2018
2022-08-30,Pestivirus suis,Sus scrofa,,2018
2022-08-30,Pestivirus suis,Sus scrofa,,2018
2022-08-23,Pestivirus L,Sus scrofa,,2021
2022-07-25,Pangolin pestivirus,Pholidota,,2019-08
2022-07-13,Pestivirus scrofae,Sus scrofa,,2016
2022-07-10,Pestivirus bovis,Bos taurus,,2021-03
2022-07-02,Pestivirus scrofae,Sus scrofa,,2021-02-05
2022-06-27,Dermacentor reticulatus pestivirus-like virus 1,,,2012-06-01
2022-06-16,Pangolin pestivirus,Pholidota,,2018
2022-06-16,Pangolin pestivirus,Pholidota,,2018
2022-06-16,Pangolin pestivirus,Pholidota,,2018
2022-06-16,Pangolin pestivirus,Pholidota,,2018
2022-06-16,Pangolin pestivirus,Pholidota,,2018
2022-06-16,Pangolin pestivirus,Pholidota,,2018
2022-06-16,Pangolin pestivirus,Pholidota,,2018
2022-06-16,Pangolin pestivirus,Pholidota,,2018
2022-06-16,Pangolin pestivirus,Pholidota,,2018
2022-06-16,Pangolin pestivirus,Pholidota,,2018
2022-06-16,Pangolin pestivirus,Pholidota,,2018
2022-06-16,Pangolin pestivirus,Pholidota,,2018
2022-06-16,Pangolin pestivirus,Pholidota,,2018
2022-06-16,Pangolin pestivirus,Pholidota,,2018
2022-06-16,Pangolin pestivirus,Pholidota,,2018
2022-06-16,Pangolin pestivirus,Pholidota,,2018
2022-06-16,Pangolin pestivirus,Pholidota,,2018
2022-06-16,Pangolin pestivirus,Pholidota,,2018
2022-06-16,Pangolin pestivirus,Pholidota,,2018
2022-06-16,Pangolin pestivirus,Pholidota,,2018
2022-06-16,Pangolin pestivirus,Pholidota,,2018
2022-06-16,Pangolin pestivirus,Pholidota,,2018
2022-06-16,Pangolin pestivirus,Pholidota,,2018
2022-06-16,Pangolin pestivirus,Pholidota,,2018
2022-06-16,Pangolin pestivirus,Pholidota,,2018
2022-06-16,Pangolin pestivirus,Pholidota,,2018
2022-06-08,Pestivirus suis,Sus scrofa,,2000-08-08
2022-06-08,Pestivirus suis,Sus scrofa,,2000-08-08
2022-06-08,Pestivirus suis,Sus scrofa,,2000-08-09
2022-06-08,Pestivirus suis,Sus scrofa,,2000-08-09
2022-06-08,Pestivirus suis,Sus scrofa,,2000-08-12
2022-06-08,Pestivirus suis,Sus scrofa,,2000-08-12
2022-06-08,Pestivirus suis,Sus scrofa,,2000-09-04
2022-06-08,Pestivirus suis,Sus scrofa,,2000-09-05
2022-06-08,Pestivirus suis,Sus scrofa,,2000-09-06
2022-06-08,Pestivirus suis,Sus scrofa,,2000-09-10
2022-06-08,Pestivirus suis,Sus scrofa,,2000-09-10
2022-06-08,Pestivirus suis,Sus scrofa,,2000-09-12
2022-06-08,Pestivirus suis,Sus scrofa,,2000-09-13
2022-06-08,Pestivirus suis,Sus scrofa,,2000-09-17
2022-06-08,Pestivirus suis,Sus scrofa,,2000-11-03
2022-06-02,Pestivirus suis,Sus scrofa,,2019
2022-05-31,Pestivirus P182T/pangolin/2018,Pholidota,,2018
2022-05-31,Pestivirus P110T/pangolin/2018,Pholidota,,2018
2022-05-31,Pestivirus P121T/pangolin/2018,Pholidota,,2018
2022-05-31,Pestivirus P142T/pangolin/2018,Pholidota,,2018
2022-05-31,Pestivirus P179T/pangolin/2018,Pholidota,,2018
2022-05-31,Pestivirus P101T/pangolin/2018,Pholidota,,2018
2022-05-31,Pestivirus P105T/pangolin/2018,Pholidota,,2018
2022-05-31,Pestivirus P170T/pangolin/2018,Pholidota,,2018
2022-05-31,Pestivirus P188T/pangolin/2018,Pholidota,,2018
2022-05-31,Pestivirus P196T/pangolin/2018,Pholidota,,2018
2022-05-31,Pestivirus P212T/pangolin/2018,Pholidota,,2018
2022-05-31,Pestivirus P214T/pangolin/2018,Pholidota,,2018
2022-05-31,Pestivirus P232T/pangolin/2018,Pholidota,,2018
2022-05-02,Pestivirus scrofae,Sus scrofa,,2020-11-11
2022-05-02,Pestivirus scrofae,Sus scrofa,,2021-02-06
2022-04-13,Jingmen Crocidura shantungensis pestivirus 1,Crocidura shantungensis,,2016
2022-04-13,Wenzhou Pipistrellus abramus pestivirus 1,Pipistrellus abramus,,2016
2022-03-09,Pangolin pestivirus 1,Manis pentadactyla,,2020
2022-03-09,Pangolin pestivirus 2,Manis javanica,,2017
2022-03-09,Pangolin pestivirus 3,Manis javanica,,2019
2022-03-09,Pangolin pestivirus 3,Manis javanica,,2019
2022-03-09,Pangolin pestivirus 4,Manis javanica,,2019
2022-03-09,Pangolin pestivirus 4,Manis javanica,,2019
2022-03-09,Bamboo rat pestivirus,Rhizomys pruinosus,,2020
2022-03-07,Pestivirus bovis,Bos taurus,,2020-04-24
2022-03-01,Bamboo rat pestivirus,Rhizomys pruinosus,,2020
2022-03-01,Pangolin pestivirus 1,Manis pentadactyla,,2019
2022-02-12,Zikole virus,Bos taurus,blood,2018-12-18
2022-02-07,Pestivirus M,Phocoena phocoena,,2011
2022-01-31,Kioloa rodent pestivirus,Rattus fuscipes,,2020-10-15
2021-12-20,Pestivirus suis,Sus scrofa,,2018
2021-12-20,Pestivirus suis,Sus scrofa,,2018
2021-12-20,Pestivirus suis,Sus scrofa,,2018
2021-12-20,Pestivirus suis,Sus scrofa,,2018
2021-12-20,Pestivirus suis,Sus scrofa,,2018
2021-12-20,Pestivirus suis,Sus scrofa,,2018
2021-12-20,Pestivirus suis,Sus scrofa,,2018
2021-12-20,Pestivirus suis,Sus scrofa,,2018
2021-12-20,Pestivirus suis,Sus scrofa,,2018
2021-11-22,Pestivirus bovis,,,
2021-11-08,Pestivirus bovis,,,2014
2021-11-08,Pestivirus bovis,,blood,2005
2021-11-08,Pestivirus bovis,,,2011
2021-11-08,Pestivirus bovis,,,2006
2021-11-08,Pestivirus bovis,,fetus,2009
2021-11-08,Pestivirus bovis,,fetus,2009
2021-11-08,Pestivirus bovis,,,2009
2021-11-08,Pestivirus bovis,,,2005
2021-11-08,Pestivirus bovis,,,2008
2021-11-08,Pestivirus bovis,,,2008
2021-11-08,Pestivirus bovis,,,2008
2021-11-08,Pestivirus bovis,,,2008
2021-11-08,Pestivirus bovis,,,2008
2021-11-08,Pestivirus bovis,,,2008
2021-11-08,Pestivirus bovis,,,2008
2021-11-08,Pestivirus bovis,,,2008
2021-11-08,Pestivirus bovis,,blood,2004
2021-11-08,Pestivirus bovis,,blood,2004
2021-11-08,Pestivirus bovis,,blood,1995
2021-11-08,Pestivirus bovis,,blood,1995
2021-11-08,Pestivirus bovis,,blood,1990
2021-11-08,Pestivirus bovis,,blood,1996
2021-11-08,Pestivirus bovis,,blood,2003
2021-11-08,Pestivirus bovis,,mammalian milk,2002
2021-11-08,Pestivirus bovis,,,2007
2021-11-08,Pestivirus bovis,,,2017
2021-11-08,Pestivirus bovis,,,2015
2021-11-08,Pestivirus bovis,,"spleen, abdominal cavity",1993
2021-10-06,Pestivirus tauri,Bos taurus,,2018-08-10
2021-09-03,Pestivirus suis,Sus scrofa domesticus,,2018-11-16
2021-09-03,Pestivirus suis,Sus scrofa domesticus,,2018-12-04
2021-09-03,Pestivirus suis,Sus scrofa domesticus,,2018-12-09
2021-09-03,Pestivirus suis,Sus scrofa domesticus,,2018-12-15
2021-09-03,Pestivirus suis,Sus scrofa domesticus,,2018-12-24
2021-09-03,Pestivirus suis,Sus scrofa domesticus,,2019-01-28
2021-09-03,Pestivirus suis,Sus scrofa domesticus,,2019-01-29
2021-09-03,Pestivirus suis,Sus scrofa domesticus,,2019-02-06
2021-09-03,Pestivirus suis,Sus scrofa domesticus,,2019-02-06
2021-09-03,Pestivirus suis,Sus scrofa domesticus,,2019-02-06
2021-09-03,Pestivirus suis,Sus scrofa domesticus,,2019-02-06
2021-09-03,Pestivirus suis,Sus scrofa domesticus,,2019-02-06
2021-09-03,Pestivirus suis,Sus scrofa domesticus,,2019-02-06
2021-09-03,Pestivirus suis,Sus scrofa domesticus,,2019-02-13
2021-09-03,Pestivirus suis,Sus scrofa domesticus,,2019-02-12
2021-09-03,Pestivirus suis,Sus scrofa domesticus,,2019-02-19
2021-09-03,Pestivirus suis,Sus scrofa domesticus,,2019-03-07
2021-09-03,Pestivirus suis,Sus scrofa domesticus,,2019-03-23
2021-09-03,Pestivirus suis,Sus scrofa domesticus,,2019-03-27
2021-09-03,Pestivirus suis,Sus scrofa domesticus,,2019-03-28
2021-09-03,Pestivirus suis,Sus scrofa domesticus,,2019-03-29
2021-09-03,Pestivirus suis,Sus scrofa domesticus,,2019-03-29
2021-09-03,Pestivirus suis,Sus scrofa domesticus,,2019-03-29
2021-09-03,Pestivirus suis,Sus scrofa domesticus,,2019-04-09
2021-09-03,Pestivirus suis,Sus scrofa domesticus,,2019-04-10
2021-09-03,Pestivirus suis,Sus scrofa domesticus,,2019-04-17
2021-09-03,Pestivirus suis,Sus scrofa domesticus,,2019-04-21
2021-09-03,Pestivirus suis,Sus scrofa domesticus,,2019-04-22
2021-09-03,Pestivirus suis,Sus scrofa domesticus,,2019-05-17
2021-09-03,Pestivirus suis,Sus scrofa domesticus,,2019-05-25
2021-09-03,Pestivirus suis,Sus scrofa domesticus,,2019-06-05
2021-09-03,Pestivirus suis,Sus scrofa,,2018-09-28
2021-09-03,Pestivirus suis,Sus scrofa,,2018-09-29
2021-09-03,Pestivirus suis,Sus scrofa,,2018-10-03
2021-09-03,Pestivirus suis,Sus scrofa,,2018-10-04
2021-09-03,Pestivirus suis,Sus scrofa,,2018-10-06
2021-09-03,Pestivirus suis,Sus scrofa,,2018-10-08
2021-09-03,Pestivirus suis,Sus scrofa,,2018-10-13
2021-09-03,Pestivirus suis,Sus scrofa,,2018-10-14
2021-09-03,Pestivirus suis,Sus scrofa,,2018-10-14
2021-09-03,Pestivirus suis,Sus scrofa,,2018-10-14
2021-09-03,Pestivirus suis,Sus scrofa,,2018-10-31
2021-09-03,Pestivirus suis,Sus scrofa,,2018-11-26
2021-09-03,Pestivirus suis,Sus scrofa,,2018-11-28
2021-09-03,Pestivirus suis,Sus scrofa,,2019-01-15
2021-09-03,Pestivirus suis,Sus scrofa,,2019-01-16
2021-09-03,Pestivirus suis,Sus scrofa,,2019-01-21
2021-09-03,Pestivirus suis,Sus scrofa,,2019-01-21
2021-09-03,Pestivirus suis,Sus scrofa,,2019-01-21
2021-09-03,Pestivirus suis,Sus scrofa,,2019-01-21
2021-09-03,Pestivirus suis,Sus scrofa,,2019-02-18
2021-09-03,Pestivirus suis,Sus scrofa,,2019-02-18
2021-09-03,Pestivirus suis,Sus scrofa,,2018-12-20
2021-09-03,Pestivirus suis,Sus scrofa,,2019-01-17
2021-09-03,Pestivirus suis,Sus scrofa,,2019-01-17
2021-09-03,Pestivirus suis,Sus scrofa domesticus,,2019-06-12
2021-09-03,Pestivirus suis,Sus scrofa domesticus,,2019-06-13
2021-09-03,Pestivirus suis,Sus scrofa,,2019-06-25
2021-09-03,Pestivirus suis,Sus scrofa domesticus,,2019-06-28
2021-09-03,Pestivirus suis,Sus scrofa domesticus,,2019-07-02
2021-09-03,Pestivirus suis,Sus scrofa domesticus,,2019-07-07
2021-09-03,Pestivirus suis,Sus scrofa domesticus,,2019-07-26
2021-09-03,Pestivirus suis,Sus scrofa domesticus,,2019-08-09
2021-09-03,Pestivirus suis,Sus scrofa domesticus,,2019-08-09
2021-09-03,Pestivirus suis,Sus scrofa,,2019-01-22
2021-09-03,Pestivirus suis,Sus scrofa,,2019-01-22
2021-09-03,Pestivirus suis,Sus scrofa,,2019-01-24
2021-09-03,Pestivirus suis,Sus scrofa,,2019-01-25
2021-09-03,Pestivirus suis,Sus scrofa,,2019-01-25
2021-09-03,Pestivirus suis,Sus scrofa,,2019-01-30
2021-09-03,Pestivirus suis,Sus scrofa,,2019-02-04
2021-09-03,Pestivirus suis,Sus scrofa,,2019-02-04
2021-09-03,Pestivirus suis,Sus scrofa,,2019-02-04
2021-09-03,Pestivirus suis,Sus scrofa,,2019-02-04
2021-09-03,Pestivirus suis,Sus scrofa,,2019-02-05
2021-09-03,Pestivirus suis,Sus scrofa,,2019-02-05
2021-09-03,Pestivirus suis,Sus scrofa,,2019-02-06
2021-09-03,Pestivirus suis,Sus scrofa,,2019-02-06
2021-09-03,Pestivirus suis,Sus scrofa,,2019-02-06
2021-09-03,Pestivirus suis,Sus scrofa,,2019-02-06
2021-09-03,Pestivirus suis,Sus scrofa,,2019-02-07
2021-09-03,Pestivirus suis,Sus scrofa,,2019-07-28
2021-09-03,Pestivirus suis,Sus scrofa,,2019-07-12
2021-09-03,Pestivirus suis,Sus scrofa,,2019-07-05
2021-09-03,Pestivirus suis,Sus scrofa,,2019-02-07
2021-09-03,Pestivirus suis,Sus scrofa,,2019-02-08
2021-09-03,Pestivirus suis,Sus scrofa domesticus,,2019-07-28
2021-09-03,Pestivirus suis,Sus scrofa domesticus,,2019-08-11
2021-09-03,Pestivirus suis,Sus scrofa domesticus,,2019-08-16
2021-09-03,Pestivirus suis,Sus scrofa domesticus,,2019-08-30
2021-09-03,Pestivirus suis,Sus scrofa domesticus,,2019-09-04
2021-09-03,Pestivirus suis,Sus scrofa,,2019-02-12
2021-09-03,Pestivirus suis,Sus scrofa,,2019-02-12
2021-09-03,Pestivirus suis,Sus scrofa,,2019-02-12
2021-09-03,Pestivirus suis,Sus scrofa domesticus,,2019-07-09
2021-09-03,Pestivirus suis,Sus scrofa domesticus,,2019-09-12
2021-09-03,Pestivirus suis,Sus scrofa domesticus,,2019-09-12
2021-09-03,Pestivirus suis,Sus scrofa domesticus,,2019-09-16
2021-09-03,Pestivirus suis,Sus scrofa,,2019-09-13
2021-09-03,Pestivirus suis,Sus scrofa,,2019-02-12
2021-09-03,Pestivirus suis,Sus scrofa,,2019-02-13
2021-09-03,Pestivirus suis,Sus scrofa,,2019-02-13
2021-09-03,Pestivirus suis,Sus scrofa domesticus,,2019-09-24
2021-09-03,Pestivirus suis,Sus scrofa domesticus,,2019-09-27
2021-09-03,Pestivirus suis,Sus scrofa,,2019-10-03
2021-09-03,Pestivirus suis,Sus scrofa domesticus,,2019-10-11
2021-09-03,Pestivirus suis,Sus scrofa,,2019-10-18
2021-09-03,Pestivirus suis,Sus scrofa domesticus,,2019-11-05
2021-09-03,Pestivirus suis,Sus scrofa domesticus,,2019-07-23
2021-09-03,Pestivirus suis,Sus scrofa domesticus,,2019-11-08
2021-09-03,Pestivirus suis,Sus scrofa domesticus,,2019-11-14
2021-09-03,Pestivirus suis,Sus scrofa domesticus,,2019-11-18
2021-09-03,Pestivirus suis,Sus scrofa,,2019-11-20
2021-09-03,Pestivirus suis,Sus scrofa,,2019-10-01
2021-09-03,Pestivirus suis,Sus scrofa,,2019-10-21
2021-09-03,Pestivirus suis,Sus scrofa,,2019-11-07
2021-09-03,Pestivirus suis,Sus scrofa domesticus,,2019-12-17
2021-09-03,Pestivirus suis,Sus scrofa domesticus,,2020-01-06
2021-09-03,Pestivirus suis,Sus scrofa domesticus,,2020-01-08
2021-09-03,Pestivirus suis,Sus scrofa domesticus,,2020-01-11
2021-09-03,Pestivirus suis,Sus scrofa domesticus,,2020-01-10
2021-09-03,Pestivirus suis,Sus scrofa domesticus,,2020-01-15
2021-09-03,Pestivirus suis,Sus scrofa,,2019-02-12
2021-09-03,Pestivirus suis,Sus scrofa,,2019-02-12
2021-09-03,Pestivirus suis,Sus scrofa,,2019-02-12
2021-09-03,Pestivirus suis,Sus scrofa,,2019-02-12
2021-09-03,Pestivirus suis,Sus scrofa,,2019-02-13
2021-09-03,Pestivirus suis,Sus scrofa,,2019-02-14
2021-09-03,Pestivirus suis,Sus scrofa,,2019-02-14
2021-09-03,Pestivirus suis,Sus scrofa domesticus,,2020-02-02
2021-09-03,Pestivirus suis,Sus scrofa,,2019-03-31
2021-09-03,Pestivirus suis,Sus scrofa,,2019-08-29
2021-09-03,Pestivirus suis,Sus scrofa,,2019-08-29
2021-09-03,Pestivirus suis,Sus scrofa,,2019-09-04
2021-09-03,Pestivirus suis,Sus scrofa,,2019-09-17
2021-09-03,Pestivirus suis,Sus scrofa,,2019-11-11
2021-09-03,Pestivirus suis,Sus scrofa,,2019-11-12
2021-09-03,Pestivirus suis,Sus scrofa,,2019-11-12
2021-09-03,Pestivirus suis,Sus scrofa,,2019-11-14
2021-09-03,Pestivirus suis,Sus scrofa,,2019-11-20
2021-09-03,Pestivirus suis,Sus scrofa domesticus,,2020-02-25
2021-09-03,Pestivirus suis,Sus scrofa,,2019-11-23
2021-09-03,Pestivirus suis,Sus scrofa,,2019-12-22
2021-09-03,Pestivirus suis,Sus scrofa,,2019-12-17
2021-09-03,Pestivirus suis,Sus scrofa,,2019-12-19
2021-09-03,Pestivirus suis,Sus scrofa,,2019-12-26
2021-09-03,Pestivirus suis,Sus scrofa,,2020-02-10
2021-09-03,Pestivirus suis,Sus scrofa,,2019-02-14
2021-09-03,Pestivirus suis,Sus scrofa,,2019-02-14
2021-09-03,Pestivirus suis,Sus scrofa,,2019-02-14
2021-09-03,Pestivirus suis,Sus scrofa,,2019-02-18
2021-09-03,Pestivirus suis,Sus scrofa,,2019-02-18
2021-09-03,Pestivirus suis,Sus scrofa,,2019-02-15
2021-09-03,Pestivirus suis,Sus scrofa,,2019-02-18
2021-09-03,Pestivirus suis,Sus scrofa,,2019-02-18
2021-09-03,Pestivirus suis,Sus scrofa,,2019-02-18
2021-09-03,Pestivirus suis,Sus scrofa,,2019-02-18
2021-09-03,Pestivirus tauri,Bos taurus,,1991
2021-09-01,Pestivirus tauri,Bos taurus,feces,2020-01-06
2021-08-23,Pestivirus N,Capra hircus,,2007
2021-08-23,Pestivirus ovis,Sus scrofa,,1994
2021-08-17,Pestivirus scrofae,Sus scrofa,blood,2018
2021-07-21,Pestivirus bovis,Bos taurus,blood,2016
2021-07-21,Pestivirus bovis,Ovis aries,blood,2016
2021-07-21,Pestivirus bovis,Bos taurus,blood,2017
2021-07-21,Pestivirus bovis,Bos taurus,,2018
2021-07-21,Pestivirus bovis,Bos taurus,blood,2018
2021-07-21,Pestivirus bovis,Bos taurus,blood,2018
2021-07-21,Pestivirus bovis,Bos taurus,blood,2019
2021-07-21,Pestivirus bovis,Bos taurus,blood,2019
2021-07-21,Pestivirus bovis,Bos taurus,blood,2019
2021-07-21,Pestivirus bovis,Bos taurus,blood,2019
2021-07-21,Pestivirus tauri,Bos taurus,blood,2011
2021-07-21,Pestivirus tauri,Bos taurus,blood,2013
2021-06-12,Pestivirus L,Sus scrofa,,2016
2021-06-09,Pestivirus scrofae,Sus scrofa,,2020-04-01
2021-06-07,Bemisia tabaci pesti-like virus 1,,,2016-08
2021-05-23,Pestivirus bovis,Bison bison,,2020-04-21
2021-05-16,Pestivirus suis,Sus scrofa,"lung, lymph, spleen, abdominal cavity, kidney, tonsil",2018
2021-05-16,Pestivirus suis,Sus scrofa,"lung, lymph, spleen, abdominal cavity, kidney, tonsil",2018
2021-05-16,Pestivirus suis,Sus scrofa,"lung, lymph, spleen, abdominal cavity, kidney, tonsil",2018
2021-05-16,Pestivirus suis,Sus scrofa,"lung, lymph, spleen, abdominal cavity, kidney, tonsil",2018
2021-05-16,Pestivirus suis,Sus scrofa,"lung, lymph, spleen, abdominal cavity, kidney, tonsil",2018
2021-05-16,Pestivirus suis,Sus scrofa,"lung, lymph, spleen, abdominal cavity, kidney, tonsil",2018
2021-05-16,Pestivirus suis,Sus scrofa,"lung, lymph, spleen, abdominal cavity, kidney, tonsil",2018
2021-05-16,Pestivirus suis,Sus scrofa,"lung, lymph, spleen, abdominal cavity, kidney, tonsil",2018
2021-03-09,Pestivirus scrofae,Sus scrofa,,2016
2021-03-09,Pestivirus scrofae,Sus scrofa,,2017
2021-02-28,Pestivirus bovis,Bos taurus,brain,2016
2021-02-28,Pestivirus bovis,Bos taurus,brain,2016
2020-12-15,Pestivirus scrofae,Sus scrofa,,2017
2020-12-15,Pestivirus scrofae,Sus scrofa,,2017
2020-12-05,Pestivirus bovis,Bos taurus,,2018-02-05
2020-12-05,Pestivirus bovis,Bos taurus,,2018-02-19
2020-12-05,Pestivirus bovis,Bos taurus,,2018-03-05
2020-11-25,Pestivirus bovis,Bos taurus,,
2020-11-24,Pestivirus suis,Sus scrofa,,2015-06
2020-11-24,Pestivirus tauri,Bos taurus,,2014
2020-11-01,Pestivirus ovis,Ovis aries,,2019
2020-10-13,Pestivirus scrofae,Sus scrofa,blood,2013
2020-10-13,Pestivirus scrofae,Sus scrofa,blood,2015
2020-10-13,Pestivirus scrofae,Sus scrofa,blood,2016
2020-10-13,Pestivirus scrofae,Sus scrofa,blood,2016
2020-10-13,Pestivirus scrofae,Sus scrofa,blood,2017
2020-10-13,Pestivirus scrofae,Sus scrofa,blood,2018
2020-10-13,Pestivirus scrofae,Sus scrofa,blood,2019
2020-10-08,Pestivirus australiaense,,,
2020-10-08,Pestivirus australiaense,,,
2020-09-15,Pestivirus suis,Sus scrofa,,2019
2020-09-07,Pestivirus ovis,Ovis aries,,2000-08-01
2020-08-28,Pestivirus australiaense,,,
2020-08-28,Pestivirus australiaense,,,
2020-07-28,Pestivirus ovis,Ovis aries,,2004
2020-07-27,Pestivirus bovis,Bos taurus,,2019-04
2020-07-10,Pestivirus scrofae,Sus scrofa,"spleen, abdominal cavity",2017-12-25
2020-07-06,Pestivirus bovis,,,
2020-06-30,Pestivirus scrofae,Sus scrofa,,2018
2020-06-30,Pestivirus scrofae,Sus scrofa,,2017
2020-05-19,Pestivirus suis,Sus scrofa,,2019-01
2020-05-19,Pestivirus suis,Sus scrofa,,2019-03
2020-05-19,Pestivirus suis,Sus scrofa,,2019-04
2020-05-19,Pestivirus suis,Sus scrofa,,2019-06
2020-05-19,Pestivirus suis,Sus scrofa,,2019-07
2020-05-03,Pestivirus tauri,,,2018
2020-04-15,Pestivirus bovis,,,
2020-04-05,Pestivirus scrofae,Sus scrofa,,2019
2020-04-05,Pestivirus scrofae,Sus scrofa,,2019
2020-03-22,Pestivirus bovis,Bos taurus,,2018-09-09
2020-03-02,Pestivirus P,,,2018
2020-03-02,Pestivirus P,Manis javanica,"kidney, abdominal cavity",2018
2020-02-26,Pestivirus suis,Sus scrofa,,2018-11-15
2020-01-01,Pestivirus bovis,Sus scrofa,blood,2017-02-15
2020-01-01,Pestivirus bovis,Sus scrofa,blood,2017-02-22
2020-01-01,Pestivirus bovis,Sus scrofa,blood,2017-05-05
2020-01-01,Pestivirus bovis,Sus scrofa,blood,2017-05-12
2020-01-01,Pestivirus bovis,Sus scrofa,blood,2017-09-27
2020-01-01,Pestivirus bovis,Sus scrofa,blood,2017-07-26
2020-01-01,Pestivirus bovis,Sus scrofa,blood,2017-07-26
2020-01-01,Pestivirus bovis,Sus scrofa,blood,2017-07-26
2020-01-01,Pestivirus bovis,Sus scrofa,blood,2017-07-26
2020-01-01,Pestivirus bovis,Sus scrofa,blood,2017-07-26
2020-01-01,Pestivirus bovis,Sus scrofa,blood,2018-01-10
2020-01-01,Pestivirus bovis,Sus scrofa,blood,2018-01-10
2020-01-01,Pestivirus bovis,Sus scrofa,blood,2018-01-10
2020-01-01,Pestivirus bovis,Sus scrofa,blood,2018-01-10
2019-12-25,Pestivirus bovis,Bovidae,,2017
2019-12-25,Pestivirus bovis,Bovidae,,2017
2019-12-15,Pestivirus suis,Sus scrofa,blood,2004
2019-12-15,Pestivirus suis,Sus scrofa,blood,2005
2019-12-15,Pestivirus suis,Sus scrofa,blood,2006
2019-12-15,Pestivirus suis,Sus scrofa,blood,2007
2019-12-15,Pestivirus suis,Sus scrofa,blood,2007
2019-12-15,Pestivirus suis,Sus scrofa,blood,2014
2019-12-15,Pestivirus suis,Sus scrofa,blood,2016
2019-12-15,Pestivirus suis,Sus scrofa,blood,2016
2019-12-15,Pestivirus suis,Sus scrofa,blood,2016
2019-12-15,Pestivirus suis,Sus scrofa,blood,2017
2019-12-15,Pestivirus suis,Sus scrofa,blood,2017
2019-12-15,Pestivirus suis,Sus scrofa,blood,2017
2019-12-15,Pestivirus suis,Sus scrofa,blood,2017
2019-12-15,Pestivirus suis,Sus scrofa,blood,2017
2019-12-15,Pestivirus suis,Sus scrofa,blood,2017
2019-12-15,Pestivirus suis,Sus scrofa,blood,2017
2019-12-15,Pestivirus suis,Sus scrofa,blood,2017
2019-12-15,Pestivirus suis,Sus scrofa,blood,2017
2019-12-15,Pestivirus suis,Sus scrofa,blood,2018
2019-12-15,Pestivirus suis,Sus scrofa,blood,2018
2019-12-15,Pestivirus suis,Sus scrofa,blood,2018
2019-12-10,Pestivirus scrofae,Sus scrofa,,2017-03-31
2019-11-18,Pestivirus scrofae,Sus scrofa,,2018
2019-11-05,Pestivirus bovis,Bos taurus,,2006
2019-11-01,Pestivirus bovis,,,
2019-11-01,Pestivirus bovis,,,
2019-11-01,Pestivirus bovis,,,
2019-11-01,Pestivirus bovis,,,
2019-11-01,Pestivirus bovis,,,
2019-10-23,Pestivirus M,Phocoena phocoena,lung,2012
2019-10-23,Pestivirus M,Phocoena phocoena,brain,2008
2019-10-23,Pestivirus M,Phocoena phocoena,lung,2008
2019-10-08,Pestivirus scrofae,Sus scrofa,,2017-12-30
2019-10-01,Pestivirus tauri,Bos taurus,blood,2016-03
2019-09-04,Pestivirus bovis,Bos taurus,feces,2008-10
2019-09-04,Pestivirus bovis,Bos taurus,feces,2008-10
2019-09-04,Pestivirus bovis,Bos taurus,feces,2008-11
2019-08-18,Pestivirus scrofae,Sus scrofa,,2017
2019-08-06,Trinbago virus,,,2017
2019-08-06,Pestivirus scrofae,Sus scrofa domesticus,blood,2006
2019-08-06,Pestivirus scrofae,Sus scrofa domesticus,blood,2006
2019-08-06,Pestivirus scrofae,Sus scrofa domesticus,blood,2011-07-08
2019-08-06,Pestivirus scrofae,Sus scrofa domesticus,,2013-03-11
2019-08-06,Pestivirus scrofae,Sus scrofa domesticus,blood,2015
2019-08-06,Pestivirus scrofae,Sus scrofa domesticus,salivary gland,2017-07-24
2019-08-06,Pestivirus scrofae,Sus scrofa domesticus,,2017-10-11
2019-08-06,Pestivirus scrofae,Sus scrofa domesticus,,2018
2019-08-01,Pestivirus scrofae,Sus scrofa,blood,2016-09-15
2019-07-15,Pestivirus sp.,Ovis aries,,2017-12
2019-07-15,Pestivirus O,Ovis aries,,2017-12
2019-06-25,Pestivirus scrofae,Sus scrofa,,2017-04
2019-06-22,Pestivirus scrofae,Sus scrofa,,2017-04
2019-06-22,Pestivirus scrofae,Sus scrofa,,2018-01
2019-06-22,Pestivirus scrofae,Sus scrofa,,2018-01
2019-06-22,Pestivirus scrofae,Sus scrofa,,2017-04
2019-06-22,Pestivirus scrofae,Sus scrofa,,2017-04
2019-06-22,Pestivirus scrofae,Sus scrofa,,2017-10
2019-05-29,Pestivirus scrofae,Sus scrofa,,2018-08
2019-05-28,Pestivirus suis,Sus scrofa,,2016
2019-05-25,Pestivirus scrofae,Sus scrofa,,2018
2019-05-25,Pestivirus scrofae,Sus scrofa,,2017
2019-05-25,Pestivirus scrofae,Sus scrofa,,2017
2019-05-22,Pestivirus bovis,Bos taurus,feces,2017-02-26
2019-04-30,Pestivirus scrofae,Sus scrofa,brain,2016-04
2019-04-30,Pestivirus scrofae,Sus scrofa,brain,2016-04
2019-04-30,Pestivirus scrofae,Sus scrofa,brain,2016-04
2019-04-30,Pestivirus scrofae,Sus scrofa,brain,2016-04
2019-04-30,Pestivirus scrofae,Sus scrofa,brain,2016-04
2019-04-30,Pestivirus scrofae,Sus scrofa,brain,2016-04
2019-04-28,Pestivirus bovis,Bos taurus,,2014-04-09
2019-04-28,Pestivirus bovis,Bos taurus,,2015-10-23
2019-04-28,Pestivirus bovis,Bos taurus,,2014-02-21
2019-04-28,Pestivirus bovis,Bos taurus,,2017-09-27
2019-04-28,Pestivirus bovis,Bos taurus,,2013-03-04
2019-04-22,Pestivirus scrofae,Sus scrofa,,2018
2019-03-13,Pestivirus scrofae,Sus scrofa,,2018-02
2019-03-03,Pestivirus suis,Sus scrofa,,2007
2019-02-19,Pestivirus australiaense,Sus scrofa,,2003
2019-02-19,Pestivirus australiaense,Sus scrofa,,2010
2019-02-19,Pestivirus australiaense,Sus scrofa,,2014
2019-02-13,Pestivirus brazilense,Bos taurus,blood,2013
2019-02-13,Pestivirus brazilense,Bos taurus,blood,2013
2019-02-13,Pestivirus brazilense,Bos taurus,blood,2013
2019-02-13,Pestivirus brazilense,Bos taurus,blood,2013
2019-02-13,Pestivirus brazilense,Bos taurus,blood,2011
2019-02-04,Pestivirus scrofae,Sus scrofa,,2016
2019-02-03,Pestivirus suis,Sus scrofa,"spleen, abdominal cavity",2012-12-30
2019-02-03,Pestivirus suis,Sus scrofa,"spleen, abdominal cavity",2012-08-30
2019-01-31,Pestivirus suis,,,
2019-01-22,Pestivirus suis,Sus scrofa,,2017-03
2019-01-22,Pestivirus suis,Sus scrofa,,2017-09
2019-01-22,Pestivirus suis,Sus scrofa,,2018-06
2019-01-22,Pestivirus suis,Sus scrofa,,2018-06
2019-01-22,Pestivirus suis,Sus scrofa,,2018-06
2019-01-22,Pestivirus suis,Sus scrofa,,2018-07
2019-01-22,Pestivirus suis,Sus scrofa,,2018-07
2019-01-22,Pestivirus suis,Sus scrofa,,2018-07
2019-01-22,Pestivirus suis,Sus scrofa,,2018-07
2019-01-22,Pestivirus suis,Sus scrofa,,2018-07
2019-01-22,Pestivirus suis,Sus scrofa,,2018-07
2019-01-22,Pestivirus suis,Sus scrofa,,2018-07
2019-01-22,Pestivirus suis,Sus scrofa,,2018-10
2019-01-16,Pestivirus ovis,Rupicapra rupicapra,"spleen, abdominal cavity",2015
2018-12-26,Pestivirus bovis,Bos taurus,,
2018-12-25,Pestivirus tauri,,,1993
2018-12-25,Pestivirus tauri,,,1989
2018-12-25,Pestivirus tauri,,,1992
2018-12-25,Pestivirus tauri,,,1990
2018-12-25,Pestivirus tauri,,,2004
2018-12-25,Pestivirus tauri,,,1992
2018-12-25,Pestivirus tauri,,,1995
2018-12-25,Pestivirus tauri,,,1998
2018-12-25,Pestivirus tauri,,,2006
2018-12-25,Pestivirus tauri,,,1997
2018-12-25,Pestivirus tauri,,,2006
2018-12-25,Pestivirus tauri,,,1997
2018-12-25,Pestivirus tauri,,,1995
2018-12-25,Pestivirus tauri,,,1998
2018-12-25,Pestivirus tauri,,,1991
2018-12-25,Pestivirus tauri,,,1991
2018-12-25,Pestivirus tauri,,,1990
2018-12-25,Pestivirus tauri,,,1992
2018-12-25,Pestivirus tauri,,,2016
2018-12-25,Pestivirus tauri,,,1991
2018-12-25,Pestivirus tauri,,,2014
2018-12-25,Pestivirus tauri,,,1992
2018-12-25,Pestivirus tauri,,,1990
2018-12-25,Pestivirus tauri,,,1991
2018-12-25,Pestivirus tauri,,,2016
2018-12-25,Pestivirus tauri,,,2012
2018-12-25,Pestivirus tauri,,,1989
2018-12-25,Pestivirus tauri,,,2012
2018-12-25,Pestivirus tauri,,,2005
2018-12-25,Pestivirus tauri,,,1989
2018-12-25,Pestivirus bovis,,,1990
2018-12-25,Pestivirus tauri,,,1990
2018-12-25,Pestivirus tauri,,,2005
2018-12-25,Pestivirus tauri,,,1995
2018-12-25,Pestivirus tauri,,,2004
2018-12-25,Pestivirus tauri,,,1989
2018-12-24,Pestivirus scrofae,Sus scrofa,,2018-02
2018-12-24,Pestivirus scrofae,Sus scrofa,,2018-02
2018-12-24,Pestivirus scrofae,Sus scrofa,,2018-02
2018-12-03,Pestivirus bovis,Bos taurus,,2013
2018-12-03,Pestivirus bovis,Bos taurus,,2016
2018-11-25,Pestivirus suis,Sus scrofa,blood,2015-09
2018-11-25,Pestivirus suis,Sus scrofa,blood,2014-06
2018-11-21,Pestivirus S,Scotophilus kuhlii,,2017-07
2018-11-07,Pestivirus suis,Sus scrofa,,2017-08-09
2018-11-07,Pestivirus suis,Sus scrofa,,2017-08-09
2018-11-03,Pestivirus suis,Sus scrofa,,1982-10-07
2018-10-24,Pestivirus scrofae,Sus scrofa,,2018
2018-10-06,Pestivirus suis,,,
2018-10-05,Pestivirus suis,Sus scrofa domesticus,,2018-09
2018-09-25,Pestivirus bovis,Bos taurus,blood,2015
2018-09-25,Pestivirus bovis,Bos taurus,blood,2015-09
2018-08-22,Pestivirus scrofae,Sus scrofa,,2018-03-25
2018-08-22,Pestivirus scrofae,Sus scrofa,,2018-04-06
2018-08-22,Pestivirus scrofae,Sus scrofa,,2018-05-08
2018-08-22,Pestivirus scrofae,Sus scrofa,,2017-11-26
2018-08-22,Pestivirus scrofae,Sus scrofa,,2018-05-18
2018-08-22,Pestivirus scrofae,Sus scrofa,,2017-08-17
2018-08-22,Pestivirus scrofae,Sus scrofa,,2018-06-12
2018-08-14,Pestivirus sp.,Ovis aries,,2017-01
2018-08-02,Pestivirus suis,Sus scrofa,,2013
2018-08-01,Pestivirus scrofae,Sus scrofa,,2016
2018-07-03,Pestivirus bovis,,,
2018-07-03,Pestivirus bovis,,,
2018-06-30,Pestivirus bovis,Bos taurus,blood,2014-12-12
2018-06-30,Pestivirus bovis,Bos taurus,blood,2015-06-17
2018-06-30,Pestivirus bovis,Bos taurus,blood,2015-06-24
2018-06-30,Pestivirus bovis,Bos taurus,blood,2015-07-01
2018-06-30,Pestivirus bovis,Bos taurus,blood,2015-07-06
2018-06-30,Pestivirus bovis,Bos taurus,blood,2015-07-13
2018-06-30,Pestivirus bovis,Bos taurus,,2015-09-03
2018-06-30,Pestivirus bovis,Ovis aries,blood,2015-01-13
2018-06-30,Pestivirus bovis,Ovis aries,blood,2015-01-26
2018-06-30,Pestivirus bovis,Ovis aries,blood,2015-02-04
2018-06-30,Pestivirus bovis,Ovis aries,blood,2015-02-11
2018-06-30,Pestivirus bovis,Ovis aries,blood,2015-02-16
2018-06-30,Pestivirus bovis,Ovis aries,blood,2015-02-25
2018-06-30,Pestivirus bovis,Bos taurus,,2015-12-24
2018-06-30,Pestivirus bovis,Bos taurus,blood,2016-03-24
2018-06-30,Pestivirus bovis,Bos taurus,blood,2016-02-24
2018-06-30,Pestivirus bovis,Bos taurus,blood,2016-03-04
2018-06-30,Pestivirus bovis,Bos taurus,blood,2016-03-04
2018-06-30,Pestivirus bovis,Bos taurus,blood,2016-05-05
2018-06-30,Pestivirus bovis,Ovis aries,blood,2015-04-14
2018-06-30,Pestivirus bovis,Ovis aries,,2015-05-07
2018-06-30,Pestivirus bovis,Ovis aries,,2015-05-07
2018-06-30,Pestivirus bovis,Ovis aries,blood,2015-05-17
2018-06-30,Pestivirus bovis,Bos taurus,blood,2016-06-16
2018-06-30,Pestivirus bovis,Bos taurus,blood,2016-06-27
2018-06-30,Pestivirus bovis,Bos taurus,blood,2016-04-14
2018-06-30,Pestivirus bovis,Bos taurus,blood,2016-07-05
2018-06-30,Pestivirus bovis,Bos taurus,blood,2016-04-14
2018-06-30,Pestivirus bovis,Bos taurus,blood,2016-07-05
2018-06-30,Pestivirus bovis,Bos taurus,blood,2016-06-16
2018-06-30,Pestivirus bovis,Bos taurus,blood,2016-09-16
2018-06-27,Pestivirus bovis,Bos taurus,,1993
2018-05-26,Pestivirus scrofae,Sus scrofa,,2017
2018-04-30,Pestivirus suis,Sus scrofa,tissue,2014-12
2018-04-30,Pestivirus suis,Sus scrofa,,2014-12
2018-04-30,Pestivirus suis,Sus scrofa,,2014-12
2018-04-29,Pestivirus scrofae,Sus scrofa,,2017-11
2018-04-22,Pestivirus suis,Sus scrofa,"lymph, spleen, kidney",2013
2018-04-07,Pestivirus scrofae,Sus scrofa,"spleen, abdominal cavity",2016-03
2018-03-27,Pestivirus suis,Sus scrofa,,1991
2018-03-17,Pestivirus suis,Sus scrofa,,2015
2018-03-17,Pestivirus suis,Sus scrofa,,2015
2018-03-17,Pestivirus suis,Sus scrofa,,2015
2018-03-17,Pestivirus suis,Sus scrofa,,2015
2018-03-17,Pestivirus suis,Sus scrofa,,2014
2018-03-17,Pestivirus suis,Sus scrofa,,2014
2018-03-17,Pestivirus suis,Sus scrofa,,2015
2018-03-03,Pestivirus bovis,Bos grunniens,,2012-02-10
2018-02-09,Pestivirus tauri,Bos taurus,,2014
2018-01-09,Pestivirus scrofae,Sus scrofa,,2015
2018-01-09,Pestivirus scrofae,Sus scrofa,,2016
2018-01-09,Pestivirus scrofae,Sus scrofa,,2014
2017-12-31,Rodent pestivirus,Niviventer excelsior,,2014-07
2017-12-31,Rodent pestivirus,Apodemus peninsulae,,2014-08
2017-12-31,Rodent pestivirus,Niviventer niviventer,,2014-12
2017-12-31,Rodent pestivirus,Apodemus draco,,2015-06
2017-12-31,Rodent pestivirus,Niviventer niviventer,,2015-06
2017-12-20,Pestivirus bovis,Bos taurus,,2005
2017-11-28,Pestivirus scrofae,Sus scrofa,,2016-12
2017-11-28,Pestivirus scrofae,Sus scrofa,,2016-12
2017-10-31,Pestivirus bovis,Bos taurus,,2014
2017-10-25,Pestivirus bovis,Cervidae,,2014
2017-10-24,Pestivirus bovis,Bos grunniens,,2015-01
2017-10-07,Pestivirus bovis,Bos grunniens,feces,2016
2017-10-02,Pestivirus bovis,Bos taurus,,2005
2017-10-02,Pestivirus bovis,Bos taurus,,2005
2017-09-30,Pestivirus ovis,Bos taurus,blood,2006
2017-09-30,Pestivirus ovis,Bos taurus,blood,2011
2017-09-30,Pestivirus ovis,Sus scrofa,blood,2015
2017-09-11,Pestivirus suis,Sus scrofa,,2016-09-02
2017-09-04,Pestivirus bovis,Bos taurus,feces,2016
2017-09-04,Pestivirus bovis,Bos taurus,feces,2016
2017-07-12,Pestivirus suis,,,
2017-07-06,Pestivirus brazilense,Bos taurus,blood,2012
2017-07-06,Pestivirus brazilense,Bos taurus,blood,2007
2017-06-27,Pestivirus L,Sus scrofa,,2015
2017-06-26,Pestivirus scrofae,Sus scrofa,,2016-11-15
2017-06-26,Pestivirus brazilense,Bos indicus,abdominal cavity,2015-06
2017-06-21,Pestivirus suis,Sus scrofa,,2013
2017-06-21,Pestivirus suis,Sus scrofa,,2007
2017-06-21,Pestivirus suis,Sus scrofa,,2011
2017-06-21,Pestivirus suis,Sus scrofa,,2012
2017-06-21,Pestivirus suis,Sus scrofa,,2012
2017-06-21,Pestivirus suis,Sus scrofa,,2011
2017-06-21,Pestivirus suis,Sus scrofa,,2007
2017-06-21,Pestivirus suis,Sus scrofa,,2007
2017-06-21,Pestivirus suis,Sus scrofa,,2011
2017-06-21,Pestivirus suis,Sus scrofa,,2011
2017-06-21,Pestivirus suis,Sus scrofa,,2012
2017-06-21,Pestivirus suis,Sus scrofa,,2012
2017-06-21,Pestivirus suis,Sus scrofa,,2015
2017-06-21,Pestivirus suis,Sus scrofa,,2007
2017-06-21,Pestivirus suis,Sus scrofa,,2011
2017-06-21,Pestivirus suis,Sus scrofa,,2011
2017-05-31,Pestivirus bovis,Bos taurus,,2002-04-18
2017-05-31,Pestivirus suis,Sus scrofa domesticus,,2005-03-28
2017-05-31,Pestivirus suis,Sus scrofa domesticus,,2006-09-04
2017-03-29,Pestivirus bovis,Bos taurus,blood,2012
2017-03-26,Pestivirus suis,Sus scrofa domesticus,,2010
2017-03-21,Pestivirus scrofae,Sus scrofa,,2016
2017-03-18,Pestivirus scrofae,Sus scrofa,,2016-07-20
2017-03-18,Pestivirus scrofae,Sus scrofa,,2016-08-03
2017-03-08,Pestivirus scrofae,Sus scrofa,,2016-12-16
2017-03-04,Pestivirus bovis,Bos taurus,"spleen, abdominal cavity",
2017-02-24,Pestivirus bovis,Bos taurus,blood,2016-01-05
2017-02-15,Pestivirus scrofae,Sus scrofa domesticus,,2016
2017-02-06,Pestivirus suis,Sus scrofa,tonsil,2016-09
2017-02-01,Pestivirus suis,Sus scrofa,,2011
2016-12-23,Pestivirus bovis,,,
2016-12-23,Pestivirus bovis,,,
2016-12-14,Pestivirus tauri,Bos taurus,feces,2015-11
2016-12-12,Pestivirus suis,Sus scrofa,,2015-03
2016-12-09,Pestivirus bovis,Bos taurus,blood,2007
2016-12-06,Pestivirus bovis,Bos taurus,,2000-11-10
2016-11-15,Pestivirus bovis,Bos taurus,,2012-01
2016-11-15,Pestivirus bovis,Bos taurus,,2013-05
2016-11-15,Pestivirus bovis,Bos taurus,,2013-08
2016-11-06,Pestivirus scrofae,Sus scrofa,,2012-03-01
2016-10-09,Pestivirus bovis,,,2010-11-20
2016-09-26,Pestivirus bovis,Bos taurus,,2006-03-08
2016-09-10,Pestivirus scrofae,Sus scrofa,,2015
2016-07-31,Pestivirus brazilense,Capra hircus,,2015
2016-07-19,Pestivirus scrofae,Sus scrofa,,2015
2016-06-28,Pestivirus suis,Sus scrofa domesticus,"kidney, abdominal cavity",2011
2016-06-25,Pestivirus bovis,Bos taurus,,2015
2016-06-07,Pestivirus suis,Sus scrofa,,2003
2016-06-07,Pestivirus suis,Sus scrofa,,2004
2016-06-07,Pestivirus suis,Sus scrofa,,2004
2016-06-07,Pestivirus suis,Sus scrofa,,2004
2016-06-07,Pestivirus suis,Sus scrofa,,2005
2016-06-07,Pestivirus suis,Sus scrofa,,2005
2016-06-07,Pestivirus suis,Sus scrofa,,2005
2016-06-07,Pestivirus suis,Sus scrofa,,2006
2016-06-07,Pestivirus suis,Sus scrofa,,2006
2016-06-07,Pestivirus suis,Sus scrofa,,2007
2016-06-07,Pestivirus suis,Sus scrofa,,2003
2016-05-01,Pestivirus suis,Sus scrofa,,2011
2016-03-16,Pestivirus suis,Sus scrofa,,2015-05
2016-03-14,Pestivirus tauri,Bos taurus,blood,2005
2016-03-14,Pestivirus tauri,Bos taurus,blood,2005
2016-03-14,Pestivirus tauri,Bos taurus,blood,2005
2016-03-14,Pestivirus tauri,Bos taurus,blood,2005
2016-03-14,Pestivirus tauri,Bos taurus,blood,2005
2016-03-14,Pestivirus tauri,Bos taurus,blood,2005
2016-03-14,Pestivirus tauri,Bos taurus,blood,2005
2016-03-14,Pestivirus tauri,Bos taurus,blood,2005
2016-03-14,Pestivirus tauri,Bos taurus,blood,2005
2016-03-14,Pestivirus tauri,Bos taurus,blood,2005
2016-03-14,Pestivirus tauri,Bos taurus,blood,2005
2016-03-14,Pestivirus tauri,Bos taurus,blood,2005
2016-03-14,Pestivirus tauri,Bos taurus,blood,2005
2016-03-14,Pestivirus tauri,Bos taurus,blood,2005
2016-03-14,Pestivirus tauri,Bos taurus,blood,2005
2016-03-14,Pestivirus tauri,Bos taurus,blood,2005
2016-03-14,Pestivirus tauri,Bos taurus,blood,2005
2016-03-14,Pestivirus tauri,Bos taurus,blood,2005
2016-03-14,Pestivirus tauri,Bos taurus,blood,2005
2016-03-14,Pestivirus tauri,Bos taurus,blood,2005
2016-03-14,Pestivirus tauri,Bos taurus,blood,2005
2016-03-14,Pestivirus tauri,Bos taurus,blood,2005
2016-03-14,Pestivirus tauri,Bos taurus,blood,2005
2016-03-14,Pestivirus tauri,Bos taurus,blood,2005
2016-03-14,Pestivirus tauri,Bos taurus,blood,2005
2016-03-14,Pestivirus tauri,Bos taurus,blood,2005
2016-03-14,Pestivirus tauri,Bos taurus,blood,2005
2016-03-14,Pestivirus tauri,Bos taurus,blood,2005
2016-03-14,Pestivirus tauri,Bos taurus,blood,2005
2016-03-14,Pestivirus tauri,Bos taurus,blood,2005
2016-03-14,Pestivirus tauri,Bos taurus,blood,2005
2016-03-14,Pestivirus tauri,Bos taurus,blood,2005
2016-03-14,Pestivirus tauri,Bos taurus,blood,2005
2016-03-14,Pestivirus tauri,Bos taurus,blood,2005
2016-03-14,Pestivirus tauri,Bos taurus,blood,2005
2016-03-14,Pestivirus tauri,Bos taurus,blood,2005
2016-02-23,Pestivirus tauri,Bos taurus,,2014-04-30
2016-02-23,Pestivirus tauri,Bos taurus,,2014-04-30
2016-02-23,Pestivirus tauri,Bos taurus,,2014-04-30
2016-02-23,Pestivirus tauri,Bos taurus,,2014-04-30
2016-02-23,Pestivirus tauri,Bos taurus,,2014-04-30
2016-02-23,Pestivirus tauri,Bos taurus,,2014-04-30
2016-02-23,Pestivirus tauri,Bos taurus,,2014-04-30
2016-02-23,Pestivirus suis,,,
2016-01-31,Pestivirus scrofae,Sus scrofa,,2014-08
2016-01-13,Pestivirus bovis,Bos taurus,"spleen, abdominal cavity",2014-12-05
2015-12-02,Pestivirus suis,Sus scrofa domesticus,"spleen, abdominal cavity",1999
2015-10-31,Pestivirus bovis,Bos taurus,,2015-01-16
2015-10-15,Pestivirus bovis,Bos taurus,,2001
2015-10-15,Pestivirus bovis,Bos taurus,,2006
2015-10-06,Pestivirus suis,Sus scrofa,,2014-07-30
2015-09-26,Pestivirus tauri,Bos taurus,,1993
2015-08-19,Pestivirus bovis,,,
2015-07-29,Pestivirus scrofae,Sus scrofa,,2014-04-09
2015-07-20,Pestivirus bovis,Bos taurus,,2014
2015-07-06,Pestivirus suis,Sus scrofa,blood,2014-12
2015-06-01,Pestivirus suis,Sus scrofa,"lymph, spleen",2013-06
2015-05-06,Pestivirus bovis,Bos taurus,blood,2014
2015-04-07,Pestivirus bovis,Bovidae,,2014-04-30
2015-04-07,Pestivirus tauri,Bovidae,,2014-04-30
2015-04-07,Pestivirus bovis,Bovidae,,2014-04-30
2015-04-07,Pestivirus bovis,Bovidae,,2014-04-30
2015-04-07,Pestivirus tauri,Bovidae,,2014-04-30
2015-04-07,Pestivirus bovis,Bovidae,,2014-04-30
2015-04-07,Pestivirus bovis,Bovidae,,2014-04-30
2015-04-07,Pestivirus bovis,Bovidae,,2014-04-30
2015-04-07,Pestivirus bovis,Bovidae,,2014-04-30
2015-04-07,Pestivirus bovis,Bovidae,,2014-04-30
2015-04-07,Pestivirus bovis,Bovidae,,2014-04-30
2015-04-07,Pestivirus bovis,Bovidae,,2014-04-30
2015-03-24,Pestivirus suis,Sus scrofa,"spleen, lymph",2013-06
2015-03-02,Pestivirus tauri,,,1993
2015-01-20,Pestivirus aydinense,Capra hircus,,2005
2014-12-26,Pestivirus suis,Sus scrofa domesticus,,1993
2014-12-25,Pestivirus tauri,Bos taurus,,
2014-12-23,Pestivirus tauri,,,
2014-12-23,Pestivirus tauri,,,
2014-11-26,Pestivirus suis,,,
2014-11-20,Pestivirus suis,,,
2014-11-19,Pestivirus suis,Sus scrofa,,1998
2014-10-27,Pestivirus ratti,Rattus norvegicus,,2013-06-30
2014-10-22,Pestivirus suis,,,
2014-10-11,Pestivirus suis,Sus scrofa,blood,
2014-08-26,Pestivirus suis,Sus scrofa,"spleen, abdominal cavity",2009-08
2014-08-04,Pestivirus bovis,Bos taurus,,2009
2014-07-09,Pestivirus ovis,Sus scrofa domesticus,blood,2012-02-07
2014-06-23,Pestivirus brazilense,Bos taurus,brain,2013-03
2014-06-23,Pestivirus brazilense,Bos taurus,brain,2013-03
2014-06-10,Pestivirus bovis,,,
2014-05-20,Pestivirus bovis,Bos taurus,,2012-04-06
2014-05-17,Pestivirus bovis,Bos taurus,,2013-12
2014-05-04,Pestivirus suis,Sus scrofa,,1977-01-01
2014-04-24,Pestivirus tauri,Bos taurus,,2013-06
2014-04-24,Pestivirus tauri,Bos taurus,,2013-06
2014-04-24,Pestivirus tauri,Bos taurus,,2013-06
2014-04-24,Pestivirus tauri,Bos taurus,,2013-06
2014-04-24,Pestivirus tauri,Bos taurus,,2013-02
2014-04-24,Pestivirus tauri,Bos taurus,,2013-02
2014-04-24,Pestivirus tauri,Bos taurus,,2013-02
2014-04-24,Pestivirus tauri,Bos taurus,,2013-02
2014-04-24,Pestivirus tauri,Bos taurus,,2013-03
2014-04-24,Pestivirus tauri,Bos taurus,,2013-03
2014-04-24,Pestivirus tauri,Bos taurus,,2013-03
2014-04-24,Pestivirus tauri,Bos taurus,,2013-03
2014-04-24,Pestivirus tauri,Bos taurus,,2000
2014-04-24,Pestivirus tauri,Bos taurus,,2010-03
2014-04-24,Pestivirus tauri,Bos taurus,,2010-03
2014-04-24,Pestivirus tauri,Bos taurus,,2010-03
2014-04-24,Pestivirus tauri,Bos taurus,,2007
2014-04-22,Pestivirus giraffae,Bos taurus,,
2014-04-11,Pestivirus suis,,,2011-09
2014-04-04,Pestivirus ovis,Ovis aries,,1984
2014-03-26,Pestivirus bovis,,blood,
2014-03-26,Pestivirus bovis,,blood,
2014-03-26,Pestivirus bovis,,blood,
2014-03-26,Pestivirus tauri,,blood,
2014-03-26,Pestivirus tauri,,blood,
2014-03-26,Pestivirus tauri,,blood,
2014-03-24,Pestivirus ovis,Ovis aries,blood,
2014-03-24,Pestivirus ovis,Ovis aries,blood,
2014-03-18,Pestivirus tauri,Bos taurus,,2012-12-17
2014-02-25,Pestivirus bovis,Bos taurus,,2012-12
2014-02-11,Pestivirus suis,Sus scrofa domesticus,,2013-01-01
2014-02-11,Pestivirus suis,Sus scrofa domesticus,,2013-01-01
2014-02-11,Pestivirus suis,Sus scrofa domesticus,,2013-01-01
2014-02-11,Pestivirus suis,Sus scrofa domesticus,,2013-01-01
2014-01-31,Pestivirus suis,Sus scrofa,"spleen, abdominal cavity",2012-01-05
2014-01-27,Pestivirus bovis,Bos taurus,,2013-03-10
2013-12-22,Pestivirus brazilense,Bos taurus,oronasopharynx,2007
2013-12-17,Pestivirus ovis,Sus scrofa,,2000-08-01
2013-11-12,Pestivirus brazilense,Bos taurus,,
2013-10-31,Pestivirus brazilense,,,
2013-08-19,Pestivirus ovis,Ovis aries,,2012-03-30
2013-08-14,Pestivirus bovis,Bos taurus,,2012
2013-08-14,Pestivirus tauri,Bos taurus,,2011
2013-06-18,Pestivirus bovis,Bos taurus,,2010
2013-06-04,Pestivirus bovis,Camelus bactrianus,,2010-12
2013-06-04,Pestivirus bovis,Bos taurus,,2011-12
2013-05-29,Pestivirus bovis,Bos taurus,,1993
2013-05-29,Pestivirus bovis,Bos taurus,,1993
2013-04-16,Pestivirus suis,Sus scrofa domesticus,"spleen, abdominal cavity",2006-11
2013-04-16,Pestivirus suis,Sus scrofa domesticus,"spleen, abdominal cavity",
2013-04-16,Pestivirus suis,Sus scrofa domesticus,"spleen, lymph",2011
2013-04-01,Pestivirus suis,Sus scrofa domesticus,,
2013-03-25,Pestivirus brazilense,Bos taurus,,2012-05
2013-03-10,Pestivirus bovis,Vicugna pacos,,
2013-03-10,Pestivirus bovis,Vicugna pacos,,
2013-03-10,Pestivirus bovis,Vicugna pacos,,
2013-03-10,Pestivirus bovis,Vicugna pacos,,
2013-03-10,Pestivirus bovis,Vicugna pacos,,
2013-03-10,Pestivirus bovis,Vicugna pacos,,
2013-03-10,Pestivirus bovis,Vicugna pacos,,
2013-03-10,Pestivirus bovis,Vicugna pacos,,
2013-03-10,Pestivirus bovis,Vicugna pacos,,
2013-03-10,Pestivirus bovis,Vicugna pacos,,
2013-02-16,Pestivirus suis,Sus scrofa,,2011
2013-02-16,Pestivirus suis,Sus scrofa,,2011
2012-11-15,Pestivirus bovis,,,
2012-10-14,Pestivirus brazilense,,,2012-04-01
2012-09-30,Pestivirus aydinense,Ovis aries,,2004
2012-09-18,Pestivirus bovis,,,2008-10-01
2012-09-18,Pestivirus bovis,,,2008-10-01
2012-09-16,Pestivirus suis,Sus scrofa,,2011-03
2012-09-09,Pestivirus suis,Sus scrofa,,2012-05
2012-07-15,Pestivirus brazilense,Bos taurus,lung,2010-03
2012-07-15,Pestivirus brazilense,Bos taurus,lung,2010-03
2012-06-11,Pestivirus bovis,Bos grunniens,,2010-12-31
2012-05-07,Pestivirus bovis,Bos taurus,,
2012-05-07,Pestivirus bovis,Bos taurus,,
2012-05-07,Pestivirus tauri,Bos taurus,,
2012-04-18,Pestivirus suis,Sus scrofa domesticus,"spleen, abdominal cavity",2011-11
2012-03-31,Pestivirus tauri,Bos taurus,,2011-03
2012-03-26,Pestivirus suis,Sus scrofa,,2010-11-20
2012-03-04,Pestivirus bovis,,,
2012-03-04,Pestivirus tauri,,,
2012-03-04,Pestivirus tauri,,,
2012-03-04,Pestivirus bovis,,,
2012-03-04,Pestivirus tauri,,,
2012-03-04,Pestivirus tauri,,,
2012-03-04,Pestivirus tauri,,,
2012-03-04,Pestivirus tauri,,,
2012-03-04,Pestivirus bovis,,,
2012-03-04,Pestivirus bovis,,,
2012-03-04,Pestivirus tauri,,,
2012-02-15,Pestivirus bovis,Bos taurus,,
2012-01-30,Pestivirus bovis,Bos taurus,,2011-01-08
2012-01-08,Pestivirus suis,,,
2011-12-25,Pestivirus bovis,Sus scrofa,,2008-08-26
2011-12-11,Pestivirus suis,,,
2011-08-20,Pestivirus brazilense,Bos taurus,lung,2010-01
2011-07-15,Pestivirus bovis,,,
2011-07-15,Pestivirus bovis,,,
2011-07-12,Pestivirus suis,Sus scrofa domesticus,,2002
2011-07-12,Pestivirus suis,Sus scrofa domesticus,,2007
2011-07-12,Pestivirus suis,Sus scrofa domesticus,,2009
2011-04-04,Pestivirus suis,Sus scrofa,"spleen, abdominal cavity",2009
2011-02-15,Pestivirus bovis,Bos taurus,,
2011-02-15,Pestivirus bovis,Bos taurus,,
2011-02-15,Pestivirus bovis,Bos taurus,,
2011-02-15,Pestivirus bovis,Bos taurus,,
2011-02-15,Pestivirus bovis,Bos taurus,,
2011-02-15,Pestivirus tauri,Bos taurus,,
2011-02-15,Pestivirus tauri,Bos taurus,,
2011-02-15,Pestivirus tauri,Bos taurus,,
2011-02-15,Pestivirus tauri,Bos taurus,,
2011-02-15,Pestivirus tauri,,,
2011-02-15,Pestivirus tauri,,,
2011-02-15,Pestivirus tauri,,,
2010-11-17,Pestivirus tauri,Sus scrofa,,2009-08-30
2010-11-02,Pestivirus suis,,,
2010-09-21,Pestivirus suis,Sus scrofa domesticus,,
2010-07-28,Pestivirus ovis,Rupicapra rupicapra,,2002-08
2010-06-15,Pestivirus ovis,,,
2010-06-15,Pestivirus suis,,,
2010-06-12,Pestivirus tauri,,,
2010-06-01,Pestivirus suis,Sus scrofa domesticus,,2006
2010-06-01,Pestivirus suis,Sus scrofa,,2005
2010-06-01,Pestivirus suis,Sus scrofa,,2009
2010-06-01,Pestivirus suis,Sus scrofa,,2009
2010-06-01,Pestivirus suis,Sus scrofa,,2004
2010-05-30,Pestivirus suis,Sus scrofa,,2008
2010-03-14,Pestivirus suis,Sus scrofa,,2009-10-20
2009-12-30,Pestivirus australiaense,,,
2009-10-16,Pestivirus bovis,,,
2009-10-12,Pestivirus suis,Sus scrofa,,2009-03-10
2009-10-10,Pestivirus tauri,Bos taurus,,2005-08-01
2009-06-17,Pestivirus brazilense,Bos taurus,,2004
2009-06-15,Pestivirus suis,Sus scrofa,"spleen, abdominal cavity",2006-03
2009-05-13,Pestivirus tauri,Bos taurus,,2004-12-08
2009-03-30,Pestivirus suis,,,
2009-02-01,Pestivirus suis,Sus scrofa,,1980-06
2009-02-01,Pestivirus suis,,,
2009-01-19,Pestivirus suis,Sus scrofa,,2008-03
2008-11-01,Pestivirus suis,Sus scrofa,,2001
2008-07-29,Pestivirus suis,Sus scrofa,"spleen, abdominal cavity",
2008-03-16,Pestivirus suis,,,
2008-03-11,Pestivirus suis,,"lymph, spleen",2006-10-20
2006-12-05,Pestivirus bovis,,,
2005-11-22,Pestivirus suis,,,
2005-11-04,Pestivirus bovis,,,
2005-11-04,Pestivirus bovis,,,
2005-10-01,Pestivirus bovis,,,
2005-07-31,Pestivirus suis,,,
2005-06-24,Pestivirus bovis,,,
2005-05-01,Pestivirus antilocaprae,Antilocapra americana,,
2005-03-31,Pestivirus suis,,,
2005-01-01,Pestivirus suis,,,
2005-01-01,Pestivirus suis,,,
2004-11-22,Pestivirus suis,,,
2004-11-02,Pestivirus suis,,,
2004-09-13,Pestivirus bovis,,,
2004-09-13,Pestivirus suis,,,
2004-09-13,Pestivirus ovis,,,
2004-08-07,Pestivirus suis,,,
2003-12-06,Pestivirus tauri,,,
2003-12-06,Pestivirus tauri,,,
2003-12-03,Pestivirus tauri,,,
2003-10-04,Pestivirus suis,,,
2003-09-15,Pestivirus suis,,,
2003-05-10,Pestivirus bovis,,,
2003-01-29,Pestivirus bovis,,,
2003-01-29,Pestivirus bovis,,,
2003-01-29,Pestivirus bovis,,,
2002-08-21,Pestivirus suis,,,
2002-08-04,Pestivirus tauri,,,
2002-07-28,Pestivirus bovis,,,
2002-02-03,Pestivirus suis,,,
2001-09-06,Pestivirus suis,,,
2001-08-10,Pestivirus suis,,,
2001-04-12,Pestivirus suis,,,
2001-03-20,Pestivirus suis,,,
2001-01-28,Pestivirus suis,,,
2000-08-17,Pestivirus bovis,,,
2000-07-12,Pestivirus bovis,,,
2000-05-17,Pestivirus bovis,,,
2000-05-17,Pestivirus bovis,,,
1999-10-19,Pestivirus suis,,,
1999-10-16,Pestivirus giraffae,Giraffa camelopardalis,,
1999-10-16,Pestivirus ovis,Rangifer tarandus,,
1999-06-14,Pestivirus tauri,,,
1998-12-27,Pestivirus suis,,,
1998-10-28,Pestivirus suis,,,
1998-10-01,Pestivirus suis,,,
1998-10-01,Pestivirus suis,,,
1998-09-29,Pestivirus bovis,,,
1998-05-15,Pestivirus ovis,,,
1998-01-17,Pestivirus bovis,,,
1997-06-11,Pestivirus tauri,,,
1997-06-06,Pestivirus bovis,,,
1997-06-03,Pestivirus bovis,,,
1997-06-03,Pestivirus bovis,,,
1997-03-26,Pestivirus suis,,,
1997-03-07,Pestivirus suis,,,
1996-12-04,Pestivirus ovis,,,
1996-09-01,Pestivirus bovis,Bos,,
1996-03-13,Pestivirus suis,,,
1996-02-07,Pestivirus suis,,,
1996-02-07,Pestivirus suis,,,
1995-12-02,Pestivirus suis,,,
1995-10-20,Pestivirus suis,,,
1995-09-29,Pestivirus suis,,,
1995-07-31,Pestivirus suis,,,
1995-06-19,Pestivirus suis,,,
1995-06-02,Pestivirus tauri,,,
1994-03-23,Pestivirus suis,,,
1993-08-02,Pestivirus bovis,,,
1993-08-02,Pestivirus suis,,,
1993-08-02,Pestivirus bovis,,,
1993-06-11,Pestivirus bovis,,,
1990-06-15,Pestivirus suis,,,
